"keys","pt","en","es","fr","de","it","nl","pl","sv","da","nb","fi","cs","hu","ro","tr","ru","uk","ja","ko","zh"
"CAPITULOS_TITULO","Capítulos","Chapters","Capítulos","Chapitres","Kapitel","Capitoli","Hoofdstukken","Rozdziały","Kapitel","Kapitler","Kapitler","Luvut","Kapitoly","Fejezetek","Capitole","Bölümler","Главы","Розділи","チャプター","챕터","章节"
"CAPITULO_TRANCADO","Termine o capítulo anterior para abrir","Finish the previous chapter to unlock","Termina el capítulo anterior para abrir","Terminez le chapitre précédent pour ouvrir","Beende das vorige Kapitel zum Freischalten","Completa il capitolo precedente per sbloccare","Rond het vorige hoofdstuk af om te openen","Ukończ poprzedni rozdział, aby odblokować","Slutför föregående kapitel för att låsa upp","Fuldfør forrige kapitel for at låse op","Fullfør forrige kapittel for å låse opp","Suorita edellinen luku avataksesi","Dokonči předchozí kapitolu k odemčení","Fejezd be az előző fejezetet a feloldáshoz","Termină capitolul anterior pentru deblocare","Açmak için önceki bölümü bitir","Завершите предыдущую главу, чтобы открыть","Завершіть попередній розділ, щоб відкрити","前のチャプターをクリアで解放","이전 챕터를 완료하면 열립니다","完成上一章即可解锁"
"COMUM_APAGAR","Apagar","Delete","Borrar","Effacer","Löschen","Elimina","Wissen","Usuń","Radera","Slet","Slett","Poista","Smazat","Törlés","Șterge","Sil","Удалить","Видалити","削除","삭제","删除"
"COMUM_CANCELAR","Cancelar","Cancel","Cancelar","Annuler","Abbrechen","Annulla","Annuleren","Anuluj","Avbryt","Annuller","Avbryt","Peruuta","Zrušit","Mégse","Anulează","İptal","Отмена","Скасувати","キャンセル","취소","取消"
"COMUM_FECHAR","Fechar","Close","Cerrar","Fermer","Schließen","Chiudi","Sluiten","Zamknij","Stäng","Luk","Lukk","Sulje","Zavřít","Bezárás","Închide","Kapat","Закрыть","Закрити","閉じる","닫기","关闭"
"COMUM_VOLTAR","Voltar","Back","Volver","Retour","Zurück","Indietro","Terug","Wróć","Tillbaka","Tilbage","Tilbake","Takaisin","Zpět","Vissza","Înapoi","Geri","Назад","Назад","もどる","뒤로","返回"
"COMUM_VOLTAR_MENU","Voltar ao menu","Back to menu","Volver al menú","Retour au menu","Zurück zum Menü","Torna al menu","Terug naar menu","Wróć do menu","Tillbaka till menyn","Tilbage til menuen","Tilbake til menyen","Takaisin valikkoon","Zpět do nabídky","Vissza a menübe","Înapoi la meniu","Menüye dön","В меню","До меню","メニューへ","메뉴로","返回菜单"
"CONQ_CONTAGEM","%d de %d concluídas","%d of %d completed","%d de %d completados","%d sur %d obtenus","%d von %d erreicht","%d di %d completati","%d van %d behaald","%d z %d zdobytych","%d av %d klara","%d af %d fuldført","%d av %d fullført","%d/%d suoritettu","%d z %d splněno","%d / %d teljesítve","%d din %d obținute","%d / %d tamamlandı","Получено: %d из %d","Отримано: %d з %d","%d/%d 達成","%d / %d 달성","已完成 %d / %d"
"CONQ_DESBLOQUEADA","Conquista desbloqueada","Achievement unlocked","Logro desbloqueado","Succès débloqué","Erfolg freigeschaltet","Obiettivo sbloccato","Prestatie behaald","Osiągnięcie zdobyte","Prestation upplåst","Præstation låst op","Prestasjon låst opp","Saavutus avattu","Úspěch odemčen","Teljesítmény feloldva","Realizare deblocată","Başarım açıldı","Достижение получено","Досягнення отримано","実績を解除","업적 달성","成就解锁"
"CONQ_D_CAPITULO","Resolva todas as fases de %s.","Solve every level in %s.","Resuelve todos los niveles de %s.","Résolvez tous les niveaux de %s.","Löse alle Level aus %s.","Risolvi tutti i livelli di %s.","Los alle levels van %s op.","Rozwiąż wszystkie poziomy z %s.","Klara alla nivåer i %s.","Løs alle niveauer i %s.","Løs alle nivåene i %s.","Ratkaise kaikki tasot luvussa %s.","Vyřeš všechny úrovně z %s.","Oldd meg %s összes szintjét.","Rezolvă toate nivelurile din %s.","%s bölümündeki tüm seviyeleri çöz.","Пройдите все уровни главы %s.","Пройдіть усі рівні розділу %s.","%sのステージをすべてクリア。","%s의 모든 레벨을 해결하세요.","完成 %s 的所有关卡。"
"CONQ_D_ESTRELAS","Junte %d estrelas.","Collect %d stars.","Reúne %d estrellas.","Réunissez %d étoiles.","Sammle %d Sterne.","Raccogli %d stelle.","Verzamel %d sterren.","Zbierz %d gwiazdek.","Samla %d stjärnor.","Saml %d stjerner.","Samle %d stjerner.","Kerää %d tähteä.","Nasbírej %d hvězd.","Gyűjts %d csillagot.","Adună %d stele.","%d yıldız topla.","Соберите %d звёзд.","Зберіть %d зірок.","星を%d個集める。","별 %d개를 모으세요.","收集 %d 颗星。"
"CONQ_D_PERFEITO","Faça 3 estrelas em %d fases.","Get 3 stars on %d levels.","Consigue 3 estrellas en %d niveles.","Obtenez 3 étoiles sur %d niveaux.","Hol 3 Sterne in %d Leveln.","Ottieni 3 stelle in %d livelli.","Haal 3 sterren in %d levels.","Zdobądź 3 gwiazdki w %d poziomach.","Få 3 stjärnor på %d nivåer.","Få 3 stjerner på %d niveauer.","Få 3 stjerner på %d nivåer.","Saa 3 tähteä %d tasolla.","Získej 3 hvězdy v %d úrovních.","Szerezz 3 csillagot %d szinten.","Obține 3 stele în %d niveluri.","%d bölümde 3 yıldız al.","Получите 3 звезды на %d уровнях.","Отримайте 3 зірки на %d рівнях.","%dステージで星3つを取る。","레벨 %d개에서 별 3개를 받으세요.","在 %d 个关卡拿到三星。"
"CONQ_D_PRIMEIRA","Revele a sua primeira imagem.","Reveal your first picture.","Revela tu primera imagen.","Révélez votre première image.","Enthülle dein erstes Bild.","Rivela la tua prima immagine.","Onthul je eerste afbeelding.","Odkryj swój pierwszy obraz.","Avslöja din första bild.","Afslør dit første billede.","Avslør ditt første bilde.","Paljasta ensimmäinen kuvasi.","Odhal svůj první obrázek.","Fedd fel az első képedet.","Dezvăluie prima ta imagine.","İlk resmini aç.","Откройте свою первую картинку.","Відкрийте своє перше зображення.","はじめての絵を明かそう。","첫 그림을 밝히세요.","揭示你的第一幅画。"
"CONQ_D_REVELE","Revele %d imagens.","Reveal %d pictures.","Revela %d imágenes.","Révélez %d images.","Enthülle %d Bilder.","Rivela %d immagini.","Onthul %d afbeeldingen.","Odkryj %d obrazów.","Avslöja %d bilder.","Afslør %d billeder.","Avslør %d bilder.","Paljasta %d kuvaa.","Odhal %d obrázků.","Fedj fel %d képet.","Dezvăluie %d imagini.","%d resim aç.","Откройте %d картинок.","Відкрийте %d зображень.","%d枚の絵を明かす。","그림 %d개를 밝히세요.","揭示 %d 幅图画。"
"CONQ_D_SEM_ERRO","Termine %d fases sem perder vida.","Finish %d levels without losing a life.","Termina %d niveles sin perder vidas.","Terminez %d niveaux sans perdre de vie.","Beende %d Level ohne Leben zu verlieren.","Completa %d livelli senza perdere vite.","Voltooi %d levels zonder levens te verliezen.","Ukończ %d poziomów bez straty życia.","Klara %d nivåer utan att förlora liv.","Fuldfør %d niveauer uden at miste liv.","Fullfør %d nivåer uten å miste liv.","Suorita %d tasoa menettämättä elämiä.","Dokonči %d úrovní bez ztráty života.","Teljesíts %d szintet élet vesztése nélkül.","Termină %d niveluri fără să pierzi vieți.","Can kaybetmeden %d bölüm bitir.","Пройдите %d уровней, не теряя жизней.","Пройдіть %d рівнів, не втрачаючи життів.","ライフを失わず%dステージクリア。","생명을 잃지 않고 %d개 레벨을 완료하세요.","不丢生命完成 %d 关。"
"CONQ_N_CAPITULO","Capítulo %d completo","Chapter %d complete","Capítulo %d completo","Chapitre %d terminé","Kapitel %d abgeschlossen","Capitolo %d completato","Hoofdstuk %d voltooid","Rozdział %d ukończony","Kapitel %d klart","Kapitel %d fuldført","Kapittel %d fullført","Luku %d suoritettu","Kapitola %d dokončena","%d. fejezet kész","Capitolul %d complet","%d. bölüm tamam","Глава %d пройдена","Розділ %d пройдено","チャプター%dクリア","챕터 %d 완료","第 %d 章完成"
"CONQ_N_CEM","Cem estrelas","One hundred stars","Cien estrellas","Cent étoiles","Hundert Sterne","Cento stelle","Honderd sterren","Sto gwiazdek","Hundra stjärnor","Hundrede stjerner","Hundre stjerner","Sata tähteä","Sto hvězd","Száz csillag","O sută de stele","Yüz yıldız","Сто звёзд","Сто зірок","星100個","별 100개","一百颗星"
"CONQ_N_CEU","Céu estrelado","Starry sky","Cielo estrellado","Ciel étoilé","Sternenhimmel","Cielo stellato","Sterrenhemel","Rozgwieżdżone niebo","Stjärnhimmel","Stjernehimmel","Stjernehimmel","Tähtitaivas","Hvězdná obloha","Csillagos ég","Cer înstelat","Yıldızlı gökyüzü","Звёздное небо","Зоряне небо","満天の星","별이 가득한 하늘","满天星"
"CONQ_N_COLECIONADOR","Colecionador","Collector","Coleccionista","Collectionneur","Sammler","Collezionista","Verzamelaar","Kolekcjoner","Samlare","Samler","Samler","Keräilijä","Sběratel","Gyűjtő","Colecționar","Koleksiyoncu","Коллекционер","Колекціонер","コレクター","수집가","收藏家"
"CONQ_N_GALERIA","Galeria cheia","Full gallery","Galería llena","Galerie pleine","Volle Galerie","Galleria piena","Volle galerij","Pełna galeria","Fullt galleri","Fyldt galleri","Fullt galleri","Täysi galleria","Plná galerie","Tele galéria","Galerie plină","Dolu galeri","Полная галерея","Повна галерея","満員のギャラリー","가득 찬 갤러리","满满的画廊"
"CONQ_N_IMPECAVEL","Impecável","Flawless","Impecable","Sans faute","Makellos","Impeccabile","Onberispelijk","Bez zarzutu","Felfri","Fejlfri","Feilfri","Virheetön","Bezchybný","Hibátlan","Impecabil","Kusursuz","Безупречно","Бездоганно","完璧","완벽","无瑕"
"CONQ_N_MAO_FIRME","Mão firme","Steady hand","Pulso firme","Main sûre","Ruhige Hand","Mano ferma","Vaste hand","Pewna ręka","Stadig hand","Rolig hånd","Stø hånd","Vakaa käsi","Pevná ruka","Biztos kéz","Mână sigură","Sağlam el","Твёрдая рука","Тверда рука","確かな手つき","흔들림 없는 손","稳健之手"
"CONQ_N_METADE","Metade do caminho","Halfway there","Mitad del camino","À mi-chemin","Halbe Strecke","A metà strada","Halverwege","Półmetek","Halvvägs","Halvvejs","Halvveis","Puolimatka","V polovině","Félúton","La jumătatea drumului","Yarı yolda","Полпути","Півдороги","折り返し地点","반환점","过半"
"CONQ_N_OBRA","Obra completa","The whole collection","Obra completa","Collection complète","Vollständiges Werk","Opera completa","Complete collectie","Pełne dzieło","Hela samlingen","Hele samlingen","Hele samlingen","Koko kokoelma","Kompletní dílo","Teljes gyűjtemény","Colecția completă","Tam koleksiyon","Полная коллекция","Повна колекція","全作品コンプリート","전체 컬렉션","全部作品"
"CONQ_N_PERFEC","Perfeccionista","Perfectionist","Perfeccionista","Perfectionniste","Perfektionist","Perfezionista","Perfectionist","Perfekcjonista","Perfektionist","Perfektionist","Perfeksjonist","Perfektionisti","Perfekcionista","Perfekcionista","Perfecționist","Mükemmeliyetçi","Перфекционист","Перфекціоніст","完璧主義","완벽주의자","完美主义者"
"CONQ_N_PRIMEIRA","Primeira imagem","First picture","Primera imagen","Première image","Erstes Bild","Prima immagine","Eerste afbeelding","Pierwszy obraz","Första bilden","Første billede","Første bilde","Ensimmäinen kuva","První obrázek","Első kép","Prima imagine","İlk resim","Первая картинка","Перше зображення","はじめての絵","첫 그림","第一幅画"
"CONQ_N_TREZENTAS","Trezentas estrelas","Three hundred stars","Trescientas estrellas","Trois cents étoiles","Dreihundert Sterne","Trecento stelle","Driehonderd sterren","Trzysta gwiazdek","Trehundra stjärnor","Tre hundrede stjerner","Tre hundre stjerner","Kolmesataa tähteä","Tři sta hvězd","Háromszáz csillag","Trei sute de stele","Üç yüz yıldız","Триста звёзд","Триста зірок","星300個","별 300개","三百颗星"
"CONQ_TITULO","Conquistas","Achievements","Logros","Succès","Erfolge","Obiettivi","Prestaties","Osiągnięcia","Prestationer","Præstationer","Prestasjoner","Saavutukset","Úspěchy","Teljesítmények","Realizări","Başarımlar","Достижения","Досягнення","実績","업적","成就"
"CRED_L1","%d fases desenhadas à mão, em %d capítulos","%d hand-drawn levels, in %d chapters","%d niveles dibujados a mano, en %d capítulos","%d niveaux dessinés à la main, en %d chapitres","%d handgezeichnete Level in %d Kapiteln","%d livelli disegnati a mano, in %d capitoli","%d handgetekende levels, in %d hoofdstukken","%d ręcznie rysowanych poziomów w %d rozdziałach","%d handritade nivåer i %d kapitel","%d håndtegnede niveauer i %d kapitler","%d håndtegnede nivåer i %d kapitler","%d käsin piirrettyä tasoa, %d luvussa","%d ručně kreslených úrovní v %d kapitolách","%d kézzel rajzolt szint %d fejezetben","%d niveluri desenate manual, în %d capitole","%d bölümde %d elle çizilmiş seviye","%d нарисованных вручную уровней в %d главах","%d намальованих вручну рівнів у %d розділах","%d章・手描き%dステージ","%d개 챕터, 손으로 그린 %d개 레벨","%d 个章节，%d 个手绘关卡"
"CRED_L2","todas com solução única, garantida por um solucionador","every one with a unique solution, proven by a solver","todos con solución única, garantizada por un solucionador","toutes à solution unique, garantie par un solveur","alle mit eindeutiger Lösung, durch einen Solver geprüft","tutti con soluzione unica, garantita da un risolutore","allemaal met unieke oplossing, bewezen door een solver","każdy z jednym rozwiązaniem, potwierdzonym przez solver","alla med unik lösning, bevisad av en lösare","alle med én løsning, bevist af en løser","alle med én løsning, bevist av en løser","kaikilla yksi ratkaisu, ratkaisijan varmistama","všechny s jediným řešením, ověřeným řešitelem","mindegyik egyetlen megoldással, megoldó által igazolva","toate cu soluție unică, garantată de un rezolvator","hepsi tek çözümlü, bir çözücüyle doğrulanmış","у каждого единственное решение, проверенное решателем","у кожного єдиний розв'язок, перевірений розв'язувачем","すべて解が一意、ソルバーで検証済み","모두 유일해, 솔버로 검증됨","每关唯一解，经求解器验证"
"CRED_L3","a dificuldade de cada fase foi medida, não estimada","each level's difficulty was measured, not guessed","la dificultad de cada nivel fue medida, no estimada","la difficulté de chaque niveau est mesurée, pas estimée","die Schwierigkeit wurde gemessen, nicht geschätzt","la difficoltà è stata misurata, non stimata","de moeilijkheid is gemeten, niet geschat","trudność każdego poziomu zmierzono, nie oszacowano","varje nivås svårighet är mätt, inte gissad","hver banes sværhedsgrad er målt, ikke gættet","hver banes vanskelighet er målt, ikke gjettet","jokaisen tason vaikeus on mitattu, ei arvattu","obtížnost každé úrovně byla změřena, ne odhadnuta","minden szint nehézségét mértük, nem becsültük","dificultatea fiecărui nivel a fost măsurată, nu estimată","her bölümün zorluğu ölçüldü, tahmin edilmedi","сложность каждого уровня измерена, а не угадана","складність кожного рівня виміряна, а не вгадана","難易度は推測でなく計測","각 레벨의 난이도는 추측이 아니라 측정됨","每关难度经测量而非估计"
"CRED_L4","efeitos e trilha sintetizados por código, sem arquivos de áudio","sound and music synthesized in code, no audio files","sonido y música sintetizados por código, sin archivos","sons et musique synthétisés par le code, sans fichiers","Ton und Musik im Code erzeugt, ohne Audiodateien","suoni e musica sintetizzati nel codice, senza file","geluid en muziek in code gemaakt, zonder bestanden","dźwięk i muzyka generowane kodem, bez plików","ljud och musik skapas i kod, utan filer","lyd og musik skabt i kode, uden filer","lyd og musikk laget i kode, uten filer","äänet ja musiikki koodilla, ei tiedostoja","zvuk i hudba generované kódem, bez souborů","hang és zene kódból, hangfájlok nélkül","sunet și muzică sintetizate în cod, fără fișiere","ses ve müzik kodla üretildi, dosyasız","звук и музыка синтезированы кодом, без файлов","звук і музика синтезовані кодом, без файлів","音は全てコードで合成、音声ファイルなし","소리와 음악은 코드로 합성, 오디오 파일 없음","音效与音乐由代码合成，无音频文件"
"CRED_L5","feito em Godot 4.6","made in Godot 4.6","hecho en Godot 4.6","réalisé avec Godot 4.6","erstellt mit Godot 4.6","realizzato in Godot 4.6","gemaakt in Godot 4.6","zrobione w Godot 4.6","gjort i Godot 4.6","lavet i Godot 4.6","laget i Godot 4.6","tehty Godot 4.6:lla","vytvořeno v Godot 4.6","Godot 4.6-ban készült","realizat în Godot 4.6","Godot 4.6 ile yapıldı","сделано в Godot 4.6","зроблено в Godot 4.6","Godot 4.6 で制作","Godot 4.6로 제작","使用 Godot 4.6 制作"
"CRED_SUB","um jogo de picross","a picross game","un juego de picross","un jeu de picross","ein Picross-Spiel","un gioco di picross","een picrossspel","gra typu picross","ett picrossspel","et picross-spil","et picross-spill","picross-peli","picrossová hra","egy picross játék","un joc picross","bir picross oyunu","игра-пикросс","гра-пікрос","ピクロスゲーム","피크로스 게임","数织游戏"
"DERROTA_TENTAR","Tentar de novo","Try again","Intentar de nuevo","Réessayer","Nochmal versuchen","Riprova","Opnieuw proberen","Spróbuj ponownie","Försök igen","Prøv igen","Prøv igjen","Yritä uudelleen","Zkusit znovu","Újra","Încearcă din nou","Tekrar dene","Попробовать снова","Спробувати ще","もういちど","다시 시도","再试一次"
"DERROTA_TEXTO","Três erros encerram a partida. O modo relaxado, nas opções, tira esse limite.","Three mistakes end the run. Relaxed mode, in the options, removes that limit.","Tres errores terminan la partida. El modo relajado, en opciones, quita ese límite.","Trois erreurs terminent la partie. Le mode détendu, dans les options, retire cette limite.","Drei Fehler beenden das Spiel. Der entspannte Modus in den Optionen hebt das auf.","Tre errori chiudono la partita. La modalità rilassata, nelle opzioni, toglie il limite.","Drie fouten beëindigen het spel. De ontspannen modus haalt die grens weg.","Trzy błędy kończą grę. Tryb spokojny w opcjach znosi ten limit.","Tre misstag avslutar omgången. Avslappnat läge tar bort gränsen.","Tre fejl afslutter spillet. Afslappet tilstand fjerner grænsen.","Tre feil avslutter runden. Avslappet modus fjerner grensen.","Kolme virhettä päättää pelin. Rento tila poistaa rajan.","Tři chyby ukončí hru. Klidný režim tento limit ruší.","Három hiba véget vet a játéknak. A nyugodt mód eltünteti ezt a korlátot.","Trei greșeli încheie partida. Modul relaxat elimină această limită.","Üç hata oyunu bitirir. Rahat mod bu sınırı kaldırır.","Три ошибки заканчивают партию. Спокойный режим снимает это ограничение.","Три помилки завершують гру. Спокійний режим знімає це обмеження.","ミス3回でゲーム終了です。設定のリラックスモードで制限を外せます。","실수 3번이면 종료됩니다. 설정의 편안한 모드로 제한을 없앨 수 있습니다.","错误三次即结束。设置中的轻松模式可取消该限制。"
"DERROTA_TITULO","Acabaram as vidas","Out of lives","Te quedaste sin vidas","Plus de vies","Keine Leben mehr","Vite esaurite","Geen levens meer","Koniec żyć","Slut på liv","Ingen liv tilbage","Tom for liv","Elämät loppuivat","Došly životy","Elfogytak az életek","Ai rămas fără vieți","Canların bitti","Жизни закончились","Життя закінчились","ライフ切れ","생명이 없습니다","生命耗尽"
"EST_CELULAS","Células pintadas","Cells filled","Celdas pintadas","Cases remplies","Gefüllte Felder","Celle riempite","Gevulde vakjes","Wypełnione pola","Fyllda rutor","Udfyldte felter","Fylte ruter","Täytetyt ruudut","Vyplněná pole","Kitöltött mezők","Celule umplute","Doldurulan kareler","Закрашено клеток","Зафарбовано клітинок","塗ったマス","칠한 칸","已填格数"
"EST_ESTRELAS","Estrelas","Stars","Estrellas","Étoiles","Sterne","Stelle","Sterren","Gwiazdki","Stjärnor","Stjerner","Stjerner","Tähdet","Hvězdy","Csillagok","Stele","Yıldızlar","Звёзды","Зірки","星","별","星星"
"EST_PERFEITAS","Fases perfeitas","Perfect levels","Niveles perfectos","Niveaux parfaits","Perfekte Level","Livelli perfetti","Perfecte levels","Perfekcyjne poziomy","Perfekta nivåer","Perfekte niveauer","Perfekte nivåer","Täydelliset tasot","Perfektní úrovně","Tökéletes szintek","Niveluri perfecte","Kusursuz bölümler","Идеальные уровни","Ідеальні рівні","パーフェクト","완벽한 레벨","完美关卡"
"EST_POR_CAPITULO","Por capítulo","By chapter","Por capítulo","Par chapitre","Nach Kapitel","Per capitolo","Per hoofdstuk","Wg rozdziału","Per kapitel","Per kapitel","Per kapittel","Luvuittain","Podle kapitol","Fejezetenként","Pe capitole","Bölüme göre","По главам","За розділами","チャプター別","챕터별","按章节"
"EST_REVELADAS","Imagens reveladas","Pictures revealed","Imágenes reveladas","Images révélées","Enthüllte Bilder","Immagini rivelate","Onthulde afbeeldingen","Odkryte obrazy","Avslöjade bilder","Afslørede billeder","Avslørte bilder","Paljastetut kuvat","Odhalené obrázky","Felfedett képek","Imagini dezvăluite","Açılan resimler","Открыто картинок","Відкрито зображень","公開した絵","밝힌 그림","已揭示图画"
"EST_TEMPO","Tempo somado","Total time","Tiempo total","Temps total","Gesamtzeit","Tempo totale","Totale tijd","Łączny czas","Total tid","Samlet tid","Total tid","Kokonaisaika","Celkový čas","Összidő","Timp total","Toplam süre","Общее время","Загальний час","合計タイム","총 시간","总用时"
"EST_TITULO","Seus números","Your stats","Tus datos","Vos statistiques","Deine Zahlen","I tuoi dati","Jouw cijfers","Twoje statystyki","Din statistik","Dine tal","Din statistikk","Tilastosi","Tvá čísla","Statisztikád","Datele tale","İstatistiklerin","Ваша статистика","Ваша статистика","記録","기록","你的数据"
"FASES_A_REVELAR","a revelar","to reveal","por revelar","à révéler","zu enthüllen","da rivelare","te onthullen","do odkrycia","att avslöja","at afsløre","å avsløre","paljastettava","k odhalení","felfedésre","de dezvăluit","açılacak","открыть","відкрити","未開放","밝힐 그림","待揭示"
"FASES_BLOQUEADA","bloqueada","locked","bloqueado","verrouillé","gesperrt","bloccato","vergrendeld","zablokowane","låst","låst","låst","lukittu","zamčeno","zárolva","blocat","kilitli","закрыт","закрито","ロック中","잠김","已锁定"
"FASES_NAO_REVELADA","Ainda não revelada","Not revealed yet","Aún sin revelar","Pas encore révélée","Noch nicht enthüllt","Non ancora rivelata","Nog niet onthuld","Jeszcze nieodkryte","Ännu inte avslöjad","Endnu ikke afsløret","Ikke avslørt ennå","Ei vielä paljastettu","Zatím neodhaleno","Még nincs felfedve","Încă nedezvăluită","Henüz açılmadı","Ещё не открыта","Ще не відкрито","まだ未公開","아직 밝혀지지 않음","尚未揭示"
"FASES_PENDENTES","A resolver","Unsolved","Sin resolver","À résoudre","Offen","Da risolvere","Onopgelost","Do zrobienia","Olösta","Uløste","Uløste","Ratkaisematta","K vyřešení","Megoldatlan","De rezolvat","Çözülmemiş","Не решённые","Нерозв'язані","未クリア","미완료","未完成"
"FASES_SEM_TRES","Sem 3 estrelas","Not 3 stars","Sin 3 estrellas","Sans 3 étoiles","Ohne 3 Sterne","Senza 3 stelle","Geen 3 sterren","Bez 3 gwiazdek","Utan 3 stjärnor","Uden 3 stjerner","Uten 3 stjerner","Ei 3 tähteä","Bez 3 hvězd","Nincs 3 csillag","Fără 3 stele","3 yıldızsız","Без 3 звёзд","Без 3 зірок","星3つ未満","별 3개 미만","未满三星"
"FASES_TODAS","Todas","All","Todas","Toutes","Alle","Tutti","Alle","Wszystkie","Alla","Alle","Alle","Kaikki","Vše","Mind","Toate","Tümü","Все","Усі","すべて","전체","全部"
"FASES_VAZIO","Nenhuma fase neste filtro.","No levels match this filter.","Ningún nivel con este filtro.","Aucun niveau pour ce filtre.","Keine Level für diesen Filter.","Nessun livello con questo filtro.","Geen levels met dit filter.","Brak poziomów dla tego filtra.","Inga nivåer med detta filter.","Ingen niveauer med dette filter.","Ingen nivåer med dette filteret.","Ei tasoja tällä suodattimella.","Žádné úrovně pro tento filtr.","Nincs szint ehhez a szűrőhöz.","Niciun nivel pentru acest filtru.","Bu filtrede bölüm yok.","Нет уровней по этому фильтру.","Немає рівнів за цим фільтром.","この条件のステージはありません。","이 필터에 맞는 레벨이 없습니다.","没有符合筛选的关卡。"
"GALERIA_CONTAGEM","%d de %d imagens reveladas","%d of %d pictures revealed","%d de %d imágenes reveladas","%d images révélées sur %d","%d von %d Bildern enthüllt","%d di %d immagini rivelate","%d van %d afbeeldingen onthuld","%d z %d obrazów odkrytych","%d av %d bilder avslöjade","%d af %d billeder afsløret","%d av %d bilder avslørt","%d/%d kuvaa paljastettu","%d z %d obrázků odhaleno","%d / %d kép felfedve","%d din %d imagini dezvăluite","%d/%d resim açıldı","Открыто картинок: %d из %d","Відкрито зображень: %d з %d","%d/%d 枚の絵を公開","%d / %d 그림 공개","已揭示 %d / %d 幅"
"JOGO_AJUDA_CONTROLES","botão esquerdo pinta  ·  botão direito marca X  ·  arraste preenche em linha","left click fills  ·  right click marks X  ·  drag fills in a line","clic izquierdo pinta  ·  clic derecho marca X  ·  arrastra para llenar en línea","clic gauche remplit  ·  clic droit marque X  ·  glisser remplit en ligne","links füllen  ·  rechts X setzen  ·  ziehen füllt eine Linie","clic sinistro riempie  ·  destro segna X  ·  trascina per riempire in linea","links vult  ·  rechts zet X  ·  slepen vult een lijn","lewy przycisk maluje  ·  prawy stawia X  ·  przeciągnij, by wypełnić linię","vänsterklick fyller  ·  högerklick sätter X  ·  dra fyller en linje","venstreklik fylder  ·  højreklik sætter X  ·  træk fylder en linje","venstreklikk fyller  ·  høyreklikk setter X  ·  dra fyller en linje","vasen täyttää  ·  oikea merkitsee X  ·  raahaa täyttää rivin","levé tlačítko maluje  ·  pravé značí X  ·  tažením vyplníš řadu","bal gomb fest  ·  jobb gomb X-et tesz  ·  húzással sort tölt","clic stânga umple  ·  clic dreapta marchează X  ·  trage pentru a umple un rând","sol tık boyar  ·  sağ tık X koyar  ·  sürükleyerek satır doldur","ЛКМ закрашивает  ·  ПКМ ставит X  ·  перетаскивание заполняет линию","ЛКМ зафарбовує  ·  ПКМ ставить X  ·  перетягування заповнює лінію","左クリックで塗る  ·  右クリックで×  ·  ドラッグで一列","왼쪽 클릭 칠하기  ·  오른쪽 클릭 X  ·  드래그로 한 줄","左键填涂  ·  右键标记 X  ·  拖动填整行"
"JOGO_DESFAZER","Desfazer","Undo","Deshacer","Annuler","Rückgängig","Annulla","Ongedaan maken","Cofnij","Ångra","Fortryd","Angre","Kumoa","Zpět","Visszavonás","Anulează","Geri al","Отменить","Скасувати","もどす","되돌리기","撤销"
"JOGO_DICA","Dica","Hint","Pista","Indice","Tipp","Suggerimento","Hint","Podpowiedź","Ledtråd","Hint","Hint","Vihje","Nápověda","Tipp","Indiciu","İpucu","Подсказка","Підказка","ヒント","힌트","提示"
"JOGO_DICA_AJUDA","Revela uma célula. Abre mão das 3 estrelas.","Reveals one cell. Gives up the 3 stars.","Revela una celda. Renuncia a las 3 estrellas.","Révèle une case. Renonce aux 3 étoiles.","Deckt ein Feld auf. Verzichtet auf 3 Sterne.","Rivela una cella. Rinuncia alle 3 stelle.","Onthult één vakje. Je verliest de 3 sterren.","Odkrywa jedno pole. Rezygnujesz z 3 gwiazdek.","Avslöjar en ruta. Du ger upp 3 stjärnor.","Afslører et felt. Du giver afkald på 3 stjerner.","Avslører én rute. Du gir opp 3 stjerner.","Paljastaa yhden ruudun. Luovut 3 tähdestä.","Odhalí jedno pole. Vzdáváš se 3 hvězd.","Felfed egy mezőt. Lemondasz a 3 csillagról.","Dezvăluie o celulă. Renunți la 3 stele.","Bir kareyi açar. 3 yıldızdan vazgeçersin.","Открывает одну клетку. Вы теряете 3 звезды.","Відкриває одну клітинку. Ви втрачаєте 3 зірки.","マスを1つ開きます。星3つはあきらめます。","칸 하나를 밝힙니다. 별 3개를 포기합니다.","揭开一格。将无法获得三星。"
"JOGO_FASE","Fase","Level","Nivel","Niveau","Level","Livello","Level","Poziom","Nivå","Niveau","Nivå","Taso","Úroveň","Szint","Nivel","Bölüm","Уровень","Рівень","ステージ","레벨","关卡"
"JOGO_LEMA","resolva o enigma, revele a imagem","solve the logic, reveal the picture","resuelve la lógica, revela la imagen","résolvez la logique, révélez l'image","löse die Logik, enthülle das Bild","risolvi la logica, rivela l'immagine","los de logica op, onthul de afbeelding","rozwiąż logikę, odkryj obraz","lös logiken, avslöja bilden","løs logikken, afslør billedet","løs logikken, avslør bildet","ratkaise logiikka, paljasta kuva","vyřeš logiku, odhal obrázek","oldd meg a logikát, fedd fel a képet","rezolvă logica, dezvăluie imaginea","mantığı çöz, resmi ortaya çıkar","решите логику, откройте картинку","розв'яжіть логіку, відкрийте зображення","論理を解いて絵を明かそう","논리를 풀고 그림을 밝히세요","解开逻辑，揭示图画"
"JOGO_MODO_RELAXADO","modo relaxado","relaxed mode","modo relajado","mode détendu","entspannter Modus","modalità rilassata","ontspannen modus","tryb spokojny","avslappnat läge","afslappet tilstand","avslappet modus","rento tila","klidný režim","nyugodt mód","mod relaxat","rahat mod","спокойный режим","спокійний режим","リラックスモード","편안한 모드","轻松模式"
"JOGO_NOME","REVELAR","REVELAR","REVELAR","REVELAR","REVELAR","REVELAR","REVELAR","REVELAR","REVELAR","REVELAR","REVELAR","REVELAR","REVELAR","REVELAR","REVELAR","REVELAR","REVELAR","REVELAR","REVELAR","REVELAR","REVELAR"
"JOGO_PAUSA","Pausa","Pause","Pausa","Pause","Pause","Pausa","Pauze","Pauza","Paus","Pause","Pause","Tauko","Pauza","Szünet","Pauză","Duraklat","Пауза","Пауза","ポーズ","일시정지","暂停"
"JOGO_RETOMAR","Retomar partida","Resume game","Reanudar partida","Reprendre la partie","Spiel fortsetzen","Riprendi partita","Spel hervatten","Wznów grę","Återuppta spelet","Genoptag spillet","Gjenoppta spillet","Jatka peliä","Pokračovat ve hře","Játék folytatása","Reia partida","Oyuna devam et","Продолжить партию","Продовжити гру","つづきから","이어서 하기","继续游戏"
"MENU_CONQUISTAS","Conquistas","Achievements","Logros","Succès","Erfolge","Obiettivi","Prestaties","Osiągnięcia","Prestationer","Præstationer","Prestasjoner","Saavutukset","Úspěchy","Teljesítmények","Realizări","Başarımlar","Достижения","Досягнення","実績","업적","成就"
"MENU_CONTINUAR","Continuar","Continue","Continuar","Continuer","Fortsetzen","Continua","Doorgaan","Kontynuuj","Fortsätt","Fortsæt","Fortsett","Jatka","Pokračovat","Folytatás","Continuă","Devam","Продолжить","Продовжити","つづきから","이어하기","继续"
"MENU_CREDITOS","Créditos","Credits","Créditos","Crédits","Mitwirkende","Crediti","Credits","Twórcy","Medverkande","Medvirkende","Medvirkende","Tekijät","Tvůrci","Készítők","Credite","Emeği Geçenler","Авторы","Автори","クレジット","제작진","制作人员"
"MENU_GALERIA","Galeria","Gallery","Galería","Galerie","Galerie","Galleria","Galerij","Galeria","Galleri","Galleri","Galleri","Galleria","Galerie","Galéria","Galerie","Galeri","Галерея","Галерея","ギャラリー","갤러리","画廊"
"MENU_JOGAR","Jogar","Play","Jugar","Jouer","Spielen","Gioca","Spelen","Graj","Spela","Spil","Spill","Pelaa","Hrát","Játék","Joacă","Oyna","Играть","Грати","プレイ","플레이","开始游戏"
"MENU_NUMEROS","Seus números","Your stats","Tus datos","Vos statistiques","Deine Zahlen","I tuoi dati","Jouw cijfers","Twoje statystyki","Din statistik","Dine tal","Din statistikk","Tilastosi","Tvá čísla","Statisztikád","Datele tale","İstatistiklerin","Ваша статистика","Ваша статистика","記録","기록","你的数据"
"MENU_OPCOES","Opções","Options","Opciones","Options","Optionen","Opzioni","Opties","Opcje","Inställningar","Indstillinger","Innstillinger","Asetukset","Nastavení","Beállítások","Opțiuni","Ayarlar","Настройки","Налаштування","設定","설정","设置"
"MENU_SAIR","Sair","Quit","Salir","Quitter","Beenden","Esci","Afsluiten","Wyjdź","Avsluta","Afslut","Avslutt","Lopeta","Ukončit","Kilépés","Ieșire","Çık","Выход","Вихід","終了","종료","退出"
"NUVEM_EXPORTAR","Exportar salvamento","Export save","Exportar guardado","Exporter la sauvegarde","Spielstand exportieren","Esporta salvataggio","Opslag exporteren","Eksportuj zapis","Exportera sparfil","Eksportér gemte data","Eksporter lagring","Vie tallennus","Exportovat uložení","Mentés exportálása","Exportă salvarea","Kaydı dışa aktar","Экспорт сохранения","Експорт збереження","セーブを書き出す","저장 내보내기","导出存档"
"NUVEM_IMPORTAR","Importar salvamento","Import save","Importar guardado","Importer la sauvegarde","Spielstand importieren","Importa salvataggio","Opslag importeren","Importuj zapis","Importera sparfil","Importér gemte data","Importer lagring","Tuo tallennus","Importovat uložení","Mentés importálása","Importă salvarea","Kaydı içe aktar","Импорт сохранения","Імпорт збереження","セーブを読み込む","저장 불러오기","导入存档"
"NUVEM_LOCAL","Somente neste aparelho","This device only","Solo en este dispositivo","Sur cet appareil seulement","Nur auf diesem Gerät","Solo su questo dispositivo","Alleen op dit apparaat","Tylko na tym urządzeniu","Endast på denna enhet","Kun på denne enhed","Kun på denne enheten","Vain tällä laitteella","Jen v tomto zařízení","Csak ezen az eszközön","Doar pe acest dispozitiv","Yalnızca bu cihazda","Только на этом устройстве","Лише на цьому пристрої","この端末のみ","이 기기에만","仅本机"
"NUVEM_SINCRONIZADO","Sincronizado com a nuvem","Synced to the cloud","Sincronizado con la nube","Synchronisé avec le cloud","Mit der Cloud synchronisiert","Sincronizzato con il cloud","Gesynchroniseerd met de cloud","Zsynchronizowano z chmurą","Synkad till molnet","Synkroniseret til skyen","Synkronisert til skyen","Synkronoitu pilveen","Synchronizováno s cloudem","Felhővel szinkronizálva","Sincronizat cu cloudul","Buluta eşitlendi","Синхронизировано с облаком","Синхронізовано з хмарою","クラウドと同期済み","클라우드와 동기화됨","已与云同步"
"NUVEM_TITULO","Salvamento","Save data","Guardado","Sauvegarde","Spielstand","Salvataggio","Opslaan","Zapis","Sparfil","Gemte data","Lagring","Tallennus","Uložení","Mentés","Salvare","Kayıt","Сохранение","Збереження","セーブデータ","저장 데이터","存档"
"OPCOES_APAGAR","Apagar todo o progresso","Erase all progress","Borrar todo el progreso","Effacer toute la progression","Gesamten Fortschritt löschen","Cancella tutti i progressi","Alle voortgang wissen","Usuń cały postęp","Radera alla framsteg","Slet alt fremskridt","Slett all fremgang","Poista kaikki edistyminen","Smazat veškerý postup","Minden haladás törlése","Șterge tot progresul","Tüm ilerlemeyi sil","Стереть весь прогресс","Стерти весь прогрес","進行状況をすべて削除","모든 진행 상황 삭제","清除全部进度"
"OPCOES_APAGAR_AVISO","Isto apaga as %d fases resolvidas e esvazia a galeria.
Não dá para desfazer.","This erases %d solved levels and empties the gallery.
It cannot be undone.","Esto borra %d niveles resueltos y vacía la galería.
No se puede deshacer.","Cela efface %d niveaux résolus et vide la galerie.
C'est irréversible.","Das löscht %d gelöste Level und leert die Galerie.
Nicht rückgängig zu machen.","Cancella %d livelli risolti e svuota la galleria.
Non è reversibile.","Dit wist %d opgeloste levels en leegt de galerij.
Dit kan niet ongedaan.","To usunie %d ukończonych poziomów i wyczyści galerię.
Nie można cofnąć.","Detta raderar %d klarade nivåer och tömmer galleriet.
Kan inte ångras.","Dette sletter %d klarede niveauer og tømmer galleriet.
Kan ikke fortrydes.","Dette sletter %d fullførte nivåer og tømmer galleriet.
Kan ikke angres.","Tämä poistaa %d ratkaistua tasoa ja tyhjentää gallerian.
Ei voi perua.","Smaže %d vyřešených úrovní a vyprázdní galerii.
Nelze vrátit zpět.","Ez törli a(z) %d megoldott szintet és kiüríti a galériát.
Nem vonható vissza.","Aceasta șterge %d niveluri rezolvate și golește galeria.
Nu se poate anula.","Bu, çözülen %d bölümü siler ve galeriyi boşaltır.
Geri alınamaz.","Это сотрёт %d пройденных уровней и очистит галерею.
Отменить нельзя.","Це зітре %d пройдених рівнів і очистить галерею.
Скасувати неможливо.","クリア済みの%dステージを削除し、ギャラリーを空にします。
元に戻せません。","완료한 %d개 레벨을 지우고 갤러리를 비웁니다.
되돌릴 수 없습니다.","这将删除已完成的 %d 个关卡并清空画廊。
无法撤销。"
"OPCOES_APARENCIA","Aparência","Appearance","Apariencia","Apparence","Darstellung","Aspetto","Weergave","Wygląd","Utseende","Udseende","Utseende","Ulkoasu","Vzhled","Megjelenés","Aspect","Görünüm","Оформление","Оформлення","外観","화면","外观"
"OPCOES_ARRASTE","Arraste em linha reta","Straight-line drag","Arrastre en línea recta","Glissement en ligne droite","Ziehen in gerader Linie","Trascinamento in linea retta","Slepen in rechte lijn","Przeciąganie w linii prostej","Dra i rak linje","Træk i lige linje","Dra i rett linje","Raahaus suoraan","Tažení v přímce","Húzás egyenes vonalban","Tragere în linie dreaptă","Düz çizgide sürükleme","Перетаскивание по прямой","Перетягування по прямій","まっすぐドラッグ","직선 드래그","直线拖动"
"OPCOES_ARRASTE_AJUDA","Ao arrastar, o preenchimento trava no eixo puxado.","While dragging, filling locks to the axis you pulled.","Al arrastrar, el relleno se fija al eje.","En glissant, le remplissage se fixe sur l'axe.","Beim Ziehen bleibt das Füllen auf der Achse.","Trascinando, il riempimento resta sull'asse.","Bij slepen blijft het vullen op de as.","Podczas przeciągania wypełnianie trzyma się osi.","Vid dragning låses fyllningen till axeln.","Ved træk låses udfyldning til aksen.","Ved dra låses fyllingen til aksen.","Raahatessa täyttö lukittuu akseliin.","Při tažení se vyplňování drží osy.","Húzáskor a kitöltés a tengelyhez rögzül.","La tragere, umplerea se fixează pe axă.","Sürüklerken doldurma eksene kilitlenir.","При перетаскивании заливка держится оси.","При перетягуванні заливка тримається осі.","ドラッグ中は引いた方向に固定されます。","드래그 중에는 끌어당긴 축으로 고정됩니다.","拖动时沿所拉方向锁定。"
"OPCOES_AUTO_X","Marcar linha fechada","Auto-mark finished lines","Marcar líneas completas","Marquer les lignes finies","Fertige Linien markieren","Segna le righe complete","Voltooide lijnen markeren","Oznacz ukończone linie","Markera klara rader","Markér færdige rækker","Marker ferdige rader","Merkitse valmiit rivit","Označit hotové řady","Kész sorok jelölése","Marchează rândurile gata","Biten satırları işaretle","Отмечать законченные линии","Позначати завершені лінії","完成した列に×を付ける","완성된 줄 자동 표시","自动标记完成的行"
"OPCOES_AUTO_X_AJUDA","Ao fechar uma linha, marca X nas células vazias dela.","When a line is done, marks X on its empty cells.","Al completar una línea, marca X en sus celdas vacías.","Quand une ligne est finie, marque X sur ses cases vides.","Ist eine Linie fertig, werden ihre leeren Felder mit X markiert.","Quando una riga è completa, segna X sulle celle vuote.","Als een lijn klaar is, zet X op de lege vakjes.","Gdy linia jest gotowa, zaznacza X na jej pustych polach.","När en rad är klar markeras dess tomma rutor med X.","Når en række er færdig, markeres tomme felter med X.","Når en rad er ferdig, merkes tomme ruter med X.","Kun rivi on valmis, tyhjiin ruutuihin tulee X.","Když je řada hotová, označí prázdná pole X.","Ha egy sor kész, X-et tesz az üres mezőire.","Când un rând e gata, marchează X pe celulele goale.","Bir satır bitince boş karelerine X koyar.","Когда линия закончена, ставит X на её пустых клетках.","Коли лінія завершена, ставить X на її порожніх клітинках.","列が完成すると空きマスに×を付けます。","줄이 완성되면 빈 칸에 X를 표시합니다.","一行完成后在空格标记 X。"
"OPCOES_CONTRASTE","Alto contraste","High contrast","Alto contraste","Contraste élevé","Hoher Kontrast","Contrasto elevato","Hoog contrast","Wysoki kontrast","Hög kontrast","Høj kontrast","Høy kontrast","Suuri kontrasti","Vysoký kontrast","Nagy kontraszt","Contrast ridicat","Yüksek kontrast","Высокий контраст","Високий контраст","ハイコントラスト","고대비","高对比度"
"OPCOES_CONTRASTE_AJUDA","Cores mais separadas, para leitura mais fácil.","Colors further apart, easier to read.","Colores más separados, más fáciles de leer.","Couleurs plus contrastées, plus lisibles.","Deutlichere Farben, leichter zu lesen.","Colori più distinti, più leggibili.","Verder uit elkaar liggende kleuren, beter leesbaar.","Bardziej odrębne kolory, łatwiejsze w odbiorze.","Tydligare färger, lättare att läsa.","Tydeligere farver, lettere at læse.","Tydeligere farger, lettere å lese.","Selkeämmät värit, helpompi lukea.","Odlišnější barvy, snazší čtení.","Elkülönültebb színek, könnyebb olvasás.","Culori mai distincte, mai ușor de citit.","Daha ayrık renkler, daha kolay okuma.","Более различимые цвета, легче читать.","Більш різні кольори, легше читати.","色の差を大きくして読みやすくします。","색 차이를 키워 읽기 쉽게 합니다.","加大色差，更易辨认。"
"OPCOES_DADOS","Dados","Data","Datos","Données","Daten","Dati","Gegevens","Dane","Data","Data","Data","Tiedot","Data","Adatok","Date","Veri","Данные","Дані","データ","데이터","数据"
"OPCOES_EFEITOS","Efeitos sonoros","Sound effects","Efectos de sonido","Effets sonores","Soundeffekte","Effetti sonori","Geluidseffecten","Efekty dźwiękowe","Ljudeffekter","Lydeffekter","Lydeffekter","Ääniefektit","Zvukové efekty","Hangeffektek","Efecte sonore","Ses efektleri","Звуковые эффекты","Звукові ефекти","効果音","효과음","音效"
"OPCOES_ERRO","Destacar a célula errada","Highlight the wrong cell","Resaltar la celda errónea","Surligner la case erronée","Falsches Feld hervorheben","Evidenzia la cella sbagliata","Fout vakje markeren","Podświetl błędne pole","Markera fel ruta","Fremhæv forkert felt","Marker feil rute","Korosta väärä ruutu","Zvýraznit chybné pole","Rossz mező kiemelése","Evidențiază celula greșită","Yanlış kareyi vurgula","Подсвечивать ошибочную клетку","Підсвічувати помилкову клітинку","間違えたマスを強調","틀린 칸 강조","高亮错误格"
"OPCOES_ERRO_AJUDA","Marca em vermelho onde você pintou errado.","Marks in red where you filled wrong.","Marca en rojo donde pintaste mal.","Marque en rouge vos erreurs de remplissage.","Markiert rot, wo du falsch gefüllt hast.","Segna in rosso dove hai riempito male.","Markeert rood waar je fout inkleurde.","Zaznacza na czerwono błędne pola.","Markerar rött där du fyllt fel.","Markerer rødt, hvor du udfyldte forkert.","Markerer rødt der du fylte feil.","Merkitsee punaisella väärin täytetyn.","Označí červeně chybné vyplnění.","Pirossal jelöli a rossz kitöltést.","Marchează cu roșu unde ai greșit.","Yanlış doldurduğun yeri kırmızı işaretler.","Отмечает красным неверную клетку.","Позначає червоним помилкову клітинку.","塗り間違えたマスを赤で示します。","잘못 칠한 칸을 빨간색으로 표시합니다.","用红色标出涂错的格子。"
"OPCOES_FUNDO","Fundo animado","Animated background","Fondo animado","Fond animé","Animierter Hintergrund","Sfondo animato","Bewegende achtergrond","Animowane tło","Animerad bakgrund","Animeret baggrund","Animert bakgrunn","Animoitu tausta","Animované pozadí","Animált háttér","Fundal animat","Hareketli arka plan","Анимированный фон","Анімований фон","背景アニメーション","배경 애니메이션","动态背景"
"OPCOES_FUNDO_AJUDA","Desligue se o movimento incomodar.","Turn off if motion bothers you.","Desactívalo si el movimiento molesta.","Désactivez si le mouvement vous gêne.","Ausschalten, wenn Bewegung stört.","Disattiva se il movimento disturba.","Zet uit als beweging stoort.","Wyłącz, jeśli ruch przeszkadza.","Stäng av om rörelse stör.","Slå fra hvis bevægelse generer.","Slå av hvis bevegelse plager.","Sammuta, jos liike häiritsee.","Vypni, pokud pohyb ruší.","Kapcsold ki, ha zavar a mozgás.","Dezactivează dacă mișcarea deranjează.","Hareket rahatsız ediyorsa kapat.","Отключите, если движение мешает.","Вимкніть, якщо рух заважає.","動きが気になる場合はオフに。","움직임이 불편하면 끄세요.","若动效影响，可关闭。"
"OPCOES_IDIOMA","Idioma","Language","Idioma","Langue","Sprache","Lingua","Taal","Język","Språk","Sprog","Språk","Kieli","Jazyk","Nyelv","Limbă","Dil","Язык","Мова","言語","언어","语言"
"OPCOES_JOGO","Jogo","Gameplay","Juego","Jeu","Spiel","Gioco","Spel","Rozgrywka","Spel","Spil","Spill","Peli","Hra","Játék","Joc","Oynanış","Игра","Гра","ゲーム","게임","游戏"
"OPCOES_MUSICA","Música","Music","Música","Musique","Musik","Musica","Muziek","Muzyka","Musik","Musik","Musikk","Musiikki","Hudba","Zene","Muzică","Müzik","Музыка","Музика","音楽","음악","音乐"
"OPCOES_RELAXADO","Modo relaxado","Relaxed mode","Modo relajado","Mode détendu","Entspannter Modus","Modalità rilassata","Ontspannen modus","Tryb spokojny","Avslappnat läge","Afslappet tilstand","Avslappet modus","Rento tila","Klidný režim","Nyugodt mód","Mod relaxat","Rahat mod","Спокойный режим","Спокійний режим","リラックスモード","편안한 모드","轻松模式"
"OPCOES_RELAXADO_AJUDA","Erros não custam vidas.","Mistakes cost no lives.","Los errores no cuestan vidas.","Les erreurs ne coûtent pas de vies.","Fehler kosten keine Leben.","Gli errori non costano vite.","Fouten kosten geen levens.","Błędy nie kosztują żyć.","Fel kostar inga liv.","Fejl koster ikke liv.","Feil koster ikke liv.","Virheet eivät maksa elämiä.","Chyby nestojí životy.","A hibák nem kerülnek életbe.","Greșelile nu costă vieți.","Hatalar can kaybettirmez.","Ошибки не стоят жизней.","Помилки не коштують життів.","ミスでライフを失いません。","실수해도 생명이 줄지 않습니다.","错误不扣生命。"
"OPCOES_SOM","Som","Sound","Sonido","Son","Ton","Audio","Geluid","Dźwięk","Ljud","Lyd","Lyd","Ääni","Zvuk","Hang","Sunet","Ses","Звук","Звук","サウンド","소리","声音"
"OPCOES_TEMA_CLARO","Tema claro","Light theme","Tema claro","Thème clair","Helles Design","Tema chiaro","Licht thema","Jasny motyw","Ljust tema","Lyst tema","Lyst tema","Vaalea teema","Světlý vzhled","Világos téma","Temă deschisă","Açık tema","Светлая тема","Світла тема","ライトテーマ","밝은 테마","浅色主题"
"OPCOES_TEMA_CLARO_AJUDA","Inverte a paleta inteira, inclusive as células.","Inverts the whole palette, cells included.","Invierte toda la paleta, incluidas las celdas.","Inverse toute la palette, cases comprises.","Kehrt die gesamte Palette um, auch die Felder.","Inverte l'intera palette, celle comprese.","Draait het hele palet om, ook de vakjes.","Odwraca całą paletę, także pola.","Vänder hela paletten, inklusive rutorna.","Vender hele paletten, felterne med.","Snur hele paletten, rutene inkludert.","Kääntää koko paletin, ruudut mukaan lukien.","Obrátí celou paletu včetně polí.","Megfordítja a teljes palettát, a mezőket is.","Inversează întreaga paletă, inclusiv celulele.","Tüm paleti tersine çevirir, kareler dahil.","Инвертирует всю палитру, включая клетки.","Інвертує всю палітру, включно з клітинками.","マス目を含め配色を反転します。","칸을 포함해 전체 배색을 반전합니다.","反转整个配色，包括格子。"
"OPCOES_TEMPO","Mostrar o tempo","Show the timer","Mostrar el tiempo","Afficher le temps","Zeit anzeigen","Mostra il tempo","Tijd tonen","Pokaż czas","Visa tiden","Vis tiden","Vis tiden","Näytä aika","Zobrazit čas","Idő mutatása","Arată timpul","Süreyi göster","Показывать время","Показувати час","タイムを表示","시간 표시","显示计时"
"OPCOES_TEMPO_AJUDA","Esconda se preferir jogar sem relógio.","Hide it if you prefer playing without a clock.","Ocúltalo si prefieres jugar sin reloj.","Masquez-le pour jouer sans horloge.","Ausblenden, wenn du ohne Uhr spielen willst.","Nascondilo per giocare senza orologio.","Verberg het als je zonder klok wilt spelen.","Ukryj, jeśli wolisz grać bez zegara.","Dölj om du hellre spelar utan klocka.","Skjul det, hvis du spiller uden ur.","Skjul det om du spiller uten klokke.","Piilota, jos pelaat ilman kelloa.","Skryj, pokud hraješ bez hodin.","Rejtsd el, ha óra nélkül játszanál.","Ascunde-l dacă preferi să joci fără ceas.","Saatsiz oynamak istersen gizle.","Скройте, если играете без часов.","Сховайте, якщо граєте без годинника.","時計なしで遊びたい場合は非表示に。","시계 없이 하고 싶으면 숨기세요.","若想无计时游玩可隐藏。"
"PAUSA_CONTINUAR","Continuar","Resume","Continuar","Reprendre","Weiter","Riprendi","Hervatten","Wznów","Återuppta","Genoptag","Fortsett","Jatka","Pokračovat","Folytatás","Continuă","Devam et","Продолжить","Продовжити","つづける","계속하기","继续"
"PAUSA_REINICIAR","Reiniciar fase","Restart level","Reiniciar nivel","Recommencer","Level neu starten","Ricomincia livello","Level herstarten","Zacznij od nowa","Starta om nivån","Genstart niveauet","Start nivået på nytt","Aloita taso alusta","Restartovat úroveň","Szint újraindítása","Reia nivelul","Bölümü yeniden başlat","Начать заново","Почати заново","やりなおす","레벨 다시 시작","重新开始"
"PAUSA_SAIR_MAPA","Sair para o mapa","Back to level select","Ir a los niveles","Retour aux niveaux","Zur Levelauswahl","Torna ai livelli","Terug naar levels","Wróć do wyboru","Till nivåvalet","Til niveauvalg","Til nivåvalg","Tasovalintaan","Zpět na výběr","Vissza a szintekhez","Înapoi la niveluri","Bölüm seçimine dön","К выбору уровня","До вибору рівня","ステージ選択へ","레벨 선택으로","返回选关"
"REVELACAO_MAPA","Mapa","Levels","Niveles","Niveaux","Level","Livelli","Levels","Poziomy","Nivåer","Niveauer","Nivåer","Tasot","Úrovně","Szintek","Niveluri","Bölümler","Уровни","Рівні","ステージ","레벨","关卡"
"REVELACAO_PROXIMA","Próxima fase","Next level","Siguiente nivel","Niveau suivant","Nächstes Level","Livello successivo","Volgend level","Następny poziom","Nästa nivå","Næste niveau","Neste nivå","Seuraava taso","Další úroveň","Következő szint","Nivelul următor","Sonraki bölüm","Следующий уровень","Наступний рівень","つぎのステージ","다음 레벨","下一关"
"REVELACAO_ROTULO","imagem revelada","picture revealed","imagen revelada","image révélée","Bild enthüllt","immagine rivelata","afbeelding onthuld","obraz odkryty","bild avslöjad","billede afsløret","bilde avslørt","kuva paljastui","obrázek odhalen","kép felfedve","imagine dezvăluită","resim ortaya çıktı","картинка открыта","зображення відкрито","絵が現れた","그림이 밝혀졌습니다","图画已揭示"
"REVELACAO_TEMPO","tempo %s","time %s","tiempo %s","temps %s","Zeit %s","tempo %s","tijd %s","czas %s","tid %s","tid %s","tid %s","aika %s","čas %s","idő %s","timp %s","süre %s","время %s","час %s","タイム %s","시간 %s","用时 %s"
"REVELACAO_TRES_ESTRELAS","3 estrelas: sem erros, sem dica e abaixo de %s","3 stars: no mistakes, no hint, under %s","3 estrellas: sin errores, sin pistas y bajo %s","3 étoiles : sans erreur, sans indice, sous %s","3 Sterne: ohne Fehler, ohne Tipp, unter %s","3 stelle: senza errori, senza aiuti, sotto %s","3 sterren: geen fouten, geen hint, onder %s","3 gwiazdki: bez błędów, bez podpowiedzi, poniżej %s","3 stjärnor: inga fel, ingen ledtråd, under %s","3 stjerner: ingen fejl, intet hint, under %s","3 stjerner: ingen feil, ingen hint, under %s","3 tähteä: ei virheitä, ei vihjeitä, alle %s","3 hvězdy: bez chyb, bez nápovědy, do %s","3 csillag: hiba és tipp nélkül, %s alatt","3 stele: fără greșeli, fără indicii, sub %s","3 yıldız: hatasız, ipucusuz, %s altında","3 звезды: без ошибок, без подсказок, быстрее %s","3 зірки: без помилок, без підказок, швидше %s","星3つ: ミスなし・ヒントなし・%s以内","별 3개: 실수 없이, 힌트 없이, %s 이내","三星：无错误、无提示、%s 以内"
"REVELACAO_TUDO","Você revelou todas as imagens!","You revealed every picture!","¡Revelaste todas las imágenes!","Vous avez révélé toutes les images !","Du hast alle Bilder enthüllt!","Hai rivelato tutte le immagini!","Je hebt alle afbeeldingen onthuld!","Odkryłeś wszystkie obrazy!","Du avslöjade alla bilder!","Du afslørede alle billeder!","Du avslørte alle bildene!","Paljastit kaikki kuvat!","Odhalil jsi všechny obrázky!","Minden képet felfedtél!","Ai dezvăluit toate imaginile!","Tüm resimleri ortaya çıkardın!","Вы открыли все картинки!","Ви відкрили всі зображення!","すべての絵を明かしました！","모든 그림을 밝혔습니다!","你揭示了所有图画！"
